[]{"type": "vscode_launch", "data": "Launched VSCode in vscode_sandbox"}
{"type": "vscode_launch", "data": "Launched VSCode in vscode_sandbox"}
{"type": "vscode_launch", "data": "Launched VSCode in vscode_sandbox"}
{"type": "vscode_launch", "data": "Launched VSCode in vscode_sandbox"}
{"type": "vscode_launch", "data": "Launched VSCode in vscode_sandbox"}
{"type": "vscode_launch", "data": "Launched VSCode in vscode_sandbox"}
{"type": "vscode_launch", "data": "Launched VSCode in vscode_sandbox"}
{"type": "vscode_launch", "data": "Launched VSCode in vscode_sandbox"}
{"type": "vscode_launch", "data": "Launched VSCode in vscode_sandbox"}
